0,0,0.03000603,0,0.01718294,0.504032896,0,0.268053859,0,0,0
0,0,0.107946851,0,0.017944562,0.587489361,0,0.357330846,0,0,0
0,0,0.033615775,0,0.005888253,0.579011555,0,0.355257937,0,0,0
0,0,0.052541094,0,0.026075949,0.547594935,0,0.234683543,0,0,0
0,0,0.040599584,0,0.010604959,0.445408282,0,0.369052576,0,0,0
0,0,0.058023341,0,0.001439838,0.516901994,0,0.308125423,0,0,0
0,0,0.016356855,0,0.024353539,0.365303084,0,0.170474772,0,0,0
0,0,0.215834431,0,0.013602264,0.516886013,0,0.183630557,0,0,0
0,0,0.040217719,0,0.019326256,0.595945711,0,0.201499985,0,0,0
0,0,0.026440071,0,0.01874587,0.476145094,0,0.29243557,0,0,0
0,0,0.036083708,0,0.019208338,0.529445533,0.004775292,0.169226293,0,0,0
0,0,0.023823109,0.00050657,0.00591166,0.618190756,0,0.304591256,0.000547062,0,0
0,0,0.047134735,0,0.044557702,0.588161661,0,0.196053887,0,0,0
0,0,0.030304096,0,0.004576066,0.409485063,0.002057595,0.345799045,0.000113284,0,0
0,0,0.033678731,0,0.010046559,0.579588653,0,0.206176727,0,0,0
0,0,0.033547379,0,0.010122859,0.580199666,0,0.206186658,0,0,0
0,0,0.026339574,0,0.036602252,0.475829269,0,0.418311445,0,0,0
0,0,0.041947698,0,0.024982184,0.449679305,0,0.216512258,0,0,0
0,0,0.025683929,0,0.013905642,0.625753881,0.015833126,0.292018478,0,0,0
0,0,0.033391144,0,0.010075716,0.578734962,0,0.206640553,0,0,0
0,0,0.02418616,0,0.017147859,0.545301904,0,0.408119035,0,0,0
0,0,0.039034848,0,0.06974226,0.61218206,0.013234891,0.28671818,0,0,0
0,0,0.016449855,0,0.001256,0.34665607,0,0.141928029,0,0,0
0,0,0.188191563,0,0.01751227,0.515152606,0,0.321058281,0,0,0
0,0,0.032260065,0,0.025319009,0.668719715,0.011870566,0.281487809,0,0,0
0,0,0.025081063,0,0.001464428,0.411504271,0,0.462759252,0,0,0
0,0,0.015908607,0,0.007895383,0.563203955,0,0.407928098,0,0,0
0,0,0.036827884,0,0.016246704,0.615343899,0,0.292440665,0,0,0
0,0,0.068076052,0,0.049944361,0.434809734,0,0.376051662,0,0,0
0,0,0.060775818,0,0.001860262,0.626801841,0.000968281,0.311620385,0,0,0
0,0,0.028004709,0,0.001985519,0.39511828,0,0.323639596,0,0,0
0,0,0.031111064,0,0.008608312,0.590489192,0,0.209537238,0,0,0
0,0,0.018694683,0,0.018556203,0.439163467,0,0.358753254,0,0,0
0,0,0.039993725,0,0.004866142,0.556789077,0.000291613,0.381864082,0,0,0
0,0,0.030067263,0,0.008664544,0.552605382,0,0.391829949,0,0,0
0,0,0.038833222,0.000463962,0.015340878,0.544665621,0.001174272,0.267369585,0,0,0
0,0,0.014545099,0,0.028874713,0.445495574,0,0.307309447,0,0,0
0,0,0.032451538,0,0.0156582,0.670618351,0.0045845,0.393691894,0,0,0
0,0,0.026656253,0,0.013229399,0.52917597,0,0.304276183,0,0,0
0,0,0.019323934,0,0.041849002,0.397565522,0,0.181345677,0,0,0
0,0,0.069895182,0,0.007302888,0.657259933,0,0.266555417,0,0,0
0,0,0.022748866,0.000486624,0.005408468,0.612779461,0,0.317747514,0.000525522,0,0
0,0,0.016577098,0,0.000249308,0.68808906,0,0.501357645,0,0,0
0,0,0.035836465,0,0.02117322,0.512391914,0,0.193099763,0,0,0
0,0,0.051471602,0,0.104942297,0.503999189,0.003144435,0.211265413,0,0,0
0,0,0.031101113,0,0.021372046,0.57704524,0.021630631,0.243403857,0,0,0
0,0,0.015860841,0,0.015743353,0.530026216,0,0.430318314,0,0,0
0,0,0.055869706,0,0.016310545,0.407763636,0.007428551,0.234871854,0,0,0
0,0,0.023923434,0,0.023746222,0.470175197,0,0.251709954,0,0,0
0,0,0.03496383,0.000260756,0.013548653,0.490866959,0.000329982,0.170118911,0,0,0
0,0,0.03496383,0.000260756,0.013548653,0.490866959,0.000329982,0.170118911,0,0,0
0,0,0.224680868,0,0.004848186,0.531684402,0,0.223016558,0,0,0
0,0,0.020031262,0,0.009941441,0.513641109,0,0.364519497,0,0,0
0,0.001354463,0.124443611,0.000330399,0.048977244,0.536316886,0,0.142525157,0.000178405,0,0.064836207
0,0,0.01233688,0,0.006122748,0.622479326,0,0.324505616,0,0,0
0,0,0.018536713,0,0.019713646,0.481012973,0,0.440271437,0,0,0
0,0,0.028810288,0,0.040637668,0.471095927,0.023992122,0.243826007,0,0,0
0,0,0.064911384,0,0.005086623,0.662956521,0,0.298415211,0,0,0
0,0,0.010233735,0,0.015236894,0.512975414,0,0.345369586,0,0,0
0,0,0.085662839,0,0.002291989,0.62209524,0,0.317125885,0,0,0
0,0,0.015027032,0,0.008286511,0.66955011,0,0.328145846,0,0,0
0,0,0.014645931,0,0.001118265,0.612809103,0,0.411521441,0,0,0
0,0,0.020291176,0,0.045316958,0.629402198,0,0.29204262,0,0,0
0,0,0.076407988,4.78E-05,0.006501501,0.650203178,0,0.326998966,5.16E-05,0,0
0,0,0.012422173,0,0.000812166,0.754502185,0,0.525028382,0,0,0
0,0,0.05837932,0,0.005390407,0.478398646,0,0.226397106,0,0,0
0,0,0.033445896,0,0.010038697,0.579690725,0,0.206761936,0,0,0
0,0,0.07542965,0,0.02286966,0.463564369,0,0.329885764,0,0.000380872,0
0,0,0.028936704,0,0.00239353,0.323126513,0,0.323126513,0,0,0
0,0,0.049019993,0,0.013770815,0.380992556,0,0.21941499,0,0,0
0,0,0.060262078,0,0.026500622,0.564084671,0.001724224,0.261220418,0,0,0
0,0,0.06275929,0,0.007986462,0.580882012,0,0.311472023,0,0,0
0,0,0.101906648,0,0.031609932,0.448861027,0,0.309777329,0,0,0
0,0,0.022658296,0,0.008433921,0.469488274,0,0.427318668,0,0,0
0,0,0.032586358,0,0.019406986,0.452829663,0,0.291104784,0,0,0
0,0,0.005761494,0,0.011437632,0.517552866,0,0.351707196,0,0,0
0,0,0.177210855,0.000622472,0.007783105,0.501059013,0,0.353525931,0,0,0
0,0,0.039698835,0,0.008699754,0.632011549,0,0.456481216,0,0,0
0,0,0.020854665,0,0.007666735,0.622538904,0,0.351903149,0,0,0
0,0,0.034995519,0,0.005557807,0.534938886,0,0.280669234,0,0,0
0,0,0.041853589,0,0.017603204,0.612591499,0.003206914,0.379525078,0.002736708,0,0
0,0,0.031588329,0,0.021432081,0.577872396,0,0.21828971,0,0,0
0,0,0.107281494,0.000589425,0.035703053,0.509734782,0.000596725,0.289980852,0,0,0
0,0,0.015549555,0,0.012347498,0.407467439,0,0.296339956,0,0,0
0,0,0.025352779,0,0.010784991,0.463754634,0,0.222889824,0,0,0
0,0,0.015335542,0,0.011416458,0.612683265,0.008665942,0.32346632,0,0,0
0,0,0.02957713,0,0.029358039,0.628006747,0.023253847,0.316556246,0,0,0
0,0,0.017448801,0,0.003805641,0.69635464,0.001414905,0.480520428,0.000301862,0,0
0,0,0.010322502,0,0.006830692,0.686484588,0,0.332996255,0,0,0
0,0,0.066595617,0,0.008560012,0.636769771,0,0.293418184,0,0,0
0,0,0.034215207,0,0.001904398,0.501808802,0,0.382783944,0,0,0
0,0,0.031722498,0,0.009438518,0.576987451,0,0.217008555,0,0,0
0,0,0.020290253,0,0.013134752,0.59982036,0.015952407,0.278456751,0.003403356,0.003674943,0
0,0,0.066622291,0,0.032170763,0.519736544,0.006512001,0.20696524,0,0,0
0,0,0.032825875,0,0.006516544,0.430091896,0,0.267178299,0,0,0
0,0,0.016244712,0,0.021216289,0.499007125,0,0.157000541,0,0,0
0,0,0.01987044,0,0.017150653,0.687741189,0.013669553,0.40389788,0,0,0
0,0,0.134487376,0,0.012897697,0.580826308,0,0.167455105,0,0,0
0,0,0.031933883,0,0.005290361,0.431657622,0.001327249,0.351764198,0,0,0
0,0,0.028355672,0,0.016887378,0.669865976,0,0.180132027,0,0,0
0,0,0.070123915,0,0.026101678,0.461129652,0,0.304519582,0,0,0
0,0,0.052192722,0,0.006934676,0.668176404,0.007431438,0.312060408,0,0,0
0,0,0.024926343,0,0.006719968,0.649851497,0,0.284529575,0,0,0
0,0,0.031564432,0,0.005071798,0.432902461,0.001210847,0.35199911,0,0,0
0,0,0.033386813,0,0.01506341,0.524206676,0,0.244027246,0,0,0
0,0,0.021007128,0,0.031277279,0.479584936,0,0.323198544,0,0,0
0,0,0.05016725,0,0.033897032,0.529453637,0.002049322,0.227680063,0,0,0
0,0,0.035957701,0,0.037662035,0.630401147,0.003989063,0.239110126,0,0,0
0,0,0.116440188,0,0.002266229,0.59601815,0,0.235687786,0,0,0
0,0,0.042012226,0,0.088614673,0.641153226,0,0.166804091,0,0,0
0,0,0.032371438,0,0.005551295,0.435964845,0.001392712,0.349919771,0,0,0
0,0,0.036072382,0,0.036747419,0.456044893,0.012874166,0.256289692,0,0,0
0,0,0.009420557,0,0.044416181,0.355329446,0,0.144937011,0,0,0
0,0,0.017070861,0,0.001129627,0.256425392,0,0.319684519,0,0,0
0,0,0.02288482,0,0.005912202,0.612690825,0.005668802,0.29529893,0,0,0
0,0,0.062452954,0.000674024,0.017417225,0.591436511,0,0.312573634,0,0,0
0,0,0.023219335,0,0.003266552,0.642240408,0.000413259,0.387812306,0,0,0
0,0,0.041231251,0,0.006820972,0.62980309,0,0.334227633,0,0,0
0,0,0.033348801,0,0.044135695,0.48549265,0,0.220678477,0,0,0
0,0,0.03543206,0,0.0117232,0.559782778,0,0.205155992,0,0,0
0,0,0.010894952,0,0.021628497,0.611005043,0,0.30279896,0,0,0
0,0,0.053180435,0,0.010557301,0.43548866,0,0.24809657,0,0,0
0,0,0.095879488,0,0.00453187,0.575547469,0,0.2855078,0,0,0
0,0,0.051350003,0,0.030581779,0.560665941,0,0.254848155,0,0,0
0,0,0.031187581,0,0.036448854,0.54573421,0.009096129,0.193228856,0,0,0
0,0,0.084754836,0,0.009897296,0.480800242,0,0.476632959,0,0,0
0,0,0.028321572,0,0.006415253,0.605844925,0.001313165,0.236283125,0,0.000302513,0
0,0,0.06520445,0,0.019914293,0.420689435,0,0.311160825,0,0,0
0,0,0.054802206,0,0.054396262,0.628579023,0,0.290113395,0,0,0
0,0,0.018218216,0,0.040185035,0.379748581,0,0.152703133,0,0,0
0,0,0.03127458,0,0.051738192,0.665698065,0.023563883,0.203503553,0,0,0
0,0,0.031411562,0,0.008204969,0.603885726,0,0.285532925,0,0,0
0,0,0.026414196,0,0.029099692,0.572774139,0.002624416,0.253541872,0,0,0
0,0,0.029338128,0,0.006702408,0.474253153,0.002982402,0.244676416,0,0,0.000423415
0,0,0.024621176,0,0.004443418,0.610969906,0,0.273270176,0,0,0
0,0,0.022442507,0,0.004206008,0.638534338,0,0.28273721,0,0,0
0,0,0.023632206,0,0.010662342,0.545911901,0,0.324135191,0,0,0
0,0,0.021627555,0,0.007155783,0.623984296,0,0.44294298,0,0,0
0,0,0.138708143,0,0.006164806,0.384272916,0,0.322624854,0,0,0
0,0,0,0,0.033188517,0.398262207,0,0.165942586,0,0,0
0,0,0.033781262,0,0.006706206,0.679562197,0,0.431432579,0,0,0
0,0,0.038178244,0,0.02928284,0.639054929,0.007845125,0.297995964,0,0,0
0,0,0.055066882,0,0.020497116,0.526092653,0,0.307456745,0,0,0
0,0,0.024489142,0,0.03646161,0.455770122,0,0.182308049,0,0,0
0,0,0.026850897,0,0.022056828,0.539473256,0.00627854,0.287657801,0,0.003857019,0
0,0,0.042327072,0,0.011010444,0.562981394,0.001319644,0.328285085,0,0,0
0,0,0.047292923,0,0.0155677,0.594446648,0.003817814,0.212918239,0,0,0
0,0,0.045578016,0,0.0113101,0.446748941,0,0.282752494,0,0,0
0,0,0.021222717,0,0.014148477,0.482934694,0,0.242724989,0,0,0
0,0,0.032587606,0,0.004312829,0.58007545,0,0.351495533,0,0,0
0,0,0.044939997,0,0.064432487,0.515459898,0,0.292424365,0,0,0
0,0,0.036981646,0.000130932,0.010659423,0.562330045,0,0.23596252,0.000141398,0.000152681,0
0,0,0.040121462,0,0.041720658,0.478839366,0.01511479,0.244634765,0,0,0
0,0,0.163776909,0,0.013742502,0.500428175,0.000763286,0.370377183,0,0,0
0,0,0.03316052,0,0.009979513,0.578286518,0,0.207818982,0,0,0
0,0,0.084449297,0,0.00230675,0.642625041,0.000484891,0.285717595,0,0,0
0,0,0.021436069,0,0.042554566,0.36171381,0,0.468100224,0,0,0
0,0,0.17460377,0,0.010606512,0.496596881,0.00241534,0.382895075,0,0,0
0,0,0.018821204,0,0.002802268,0.744936264,0,0.474984439,0,0,0
0,0,0.016974335,0,0.002106075,0.56864021,0,0.452806093,0,0,0
0,0,0.058541488,0,0.007497787,0.540465444,0,0.400506763,0,0,0
0,0,0.174453516,0,0.020035187,0.55669199,0,0.329149506,0,0,0
0,0,0.052009725,0,0.004538415,0.635378048,0,0.387467149,0,0,0
0,0,0.03322431,0,0.009841663,0.583679657,0,0.212113728,0,0,0
0,0,0.024794109,0,0.036915672,0.418377611,0,0.356851492,0,0,0
0,0,0.033064805,0,0.037100733,0.543668437,0.001083162,0.308221476,0,0,0
0,0,0.090281336,0,0.025467406,0.630828999,0,0.36852834,0,0,0
0,0,0.032100592,0.000552644,0.007447452,0.635183167,0.000524521,0.238932674,0,0,0
0,0,0.022181217,0,0.01185526,0.618167107,0.003856725,0.41578089,0,0,0
0,0,0.065646439,0,0.065160167,0.477841222,0,0.173760445,0,0,0
0,0,0.035969683,0,0.019351578,0.527520645,0.004810902,0.167446081,0,0,0
0,0,0.073100653,0,0.032248517,0.378920077,0,0.169304715,0,0,0
0,0,0.037675465,0,0.015457173,0.529532831,0,0.21390733,0,0,0
0,0,0.095008892,0,0.01178814,0.518678155,0,0.271127218,0,0,0
0,0,0.179701582,0,0.020757114,0.335631976,0.006409299,0.17625956,0,0,0
0,0,0.02478128,0,0.036896571,0.528850854,0,0.344367998,0,0,0
0,0,0.023792043,0,0.014169483,0.576225641,0,0.354237075,0,0,0
0,0,0.014565447,0,0.043372664,0.315656609,0,0.127708399,0,0,0
0,0,0.037696655,0,0.017028981,0.618024564,0.00211041,0.292388753,0,0,0
0,0,0.049458225,0,0.024545933,0.441826791,0,0.196367463,0,0,0
0,0,0.009690655,0,0.044888069,0.256503251,0,0.096188719,0,0,0
0,0,0.014307746,0,0.014201762,0.620143601,0,0.364511888,0,0,0
0,0,0.035572679,0,0.018041185,0.52142706,0.00427607,0.182657792,0,0,0
0,0,0.058340179,0,0.022484896,0.609981303,0,0.232134565,0.000976438,0,0
0,0,0.051537092,0,0.018691372,0.684694472,0.017921864,0.345298505,0,0,0
0,0,0.014172817,0,0.028135665,0.438112503,0,0.309492319,0,0,0
0,0,0.046058928,0,0.006154312,0.538941922,0,0.350795802,0,0,0
0,0,0.025817391,0,0.028188765,0.486896855,0,0.335702569,0,0,0
0,0,0.032536821,0,0.019240055,0.46176132,0,0.311276604,0,0,0
0,0,0.040237548,0.001529164,0.014871087,0.684494893,0.000967565,0.281275989,0,0,0
0,0,0.040237548,0.001529164,0.014871087,0.684494893,0.000967565,0.281275989,0,0,0
0,0,0.022465486,0,0.004331475,0.640737417,0,0.28828371,0,0,0
0,0,0.020142322,0,0.011995872,0.539814221,0,0.327887156,0,0,0
0,0,0.013012013,0,0.00484336,0.711973944,0,0.431059055,0,0,0
0,0,0.060739348,0,0.003546437,0.452170687,0,0.340457929,0,0,0
0,0,0.032465115,0,0.008530049,0.590468975,0,0.391434489,0,0,0
0,0,0.021978564,0,0.00417066,0.641479557,0,0.287935935,0,0,0
0,0,0.060098382,0,0.022369953,0.514508909,0,0.268439431,0,0,0
0,0,0.019765841,0,0.041200795,0.392388526,0,0.164803181,0,0,0
0,0,0.033179427,0,0.009819268,0.580032004,0,0.208203248,0,0,0
0,0,0.130054821,0,0.003796807,0.613817178,0,0.273370125,0,0,0
0,0,0.023284957,0,0.017334356,0.49114009,0,0.283127816,0,0,0
0,0,0.039283164,0,0.010351905,0.551929081,0.003143147,0.293303982,0,0.000724084,0
0,0,0.033827148,0,0.023183826,0.667134567,0.007282034,0.25821985,0,0,0
0,0,0.012508231,0,0.039315994,0.3786751,0,0.144848399,0,0,0
0,0,0.006857939,0,0.04311188,0.369854549,0,0.158833242,0,0,0
0,0,0.013162275,0,0.009798582,0.708764088,0,0.267827904,0,0,0
1,0,0.029789656,0,0.014049862,0.593308235,0.001672924,0.269885916,0,0,0
0,0,0.046759749,0,0.004462825,0.450745316,0,0.381125247,0,0,0
0,0,0.090303226,0,0.017926862,0.376464102,0,0.215122344,0,0,0
0,0,0.056464764,0.003879042,0.030178887,0.662857693,0.002454431,0.229575103,0,0,0
0,0,0.033464907,0,0.006018252,0.438352671,0.001381114,0.342293907,0,0,0
0,0,0.050393958,0,0.047992803,0.517105553,0,0.242667834,0,0,0
0,0,0.014963602,0,0.000865209,0.739609789,0,0.494611342,0,0,0
0,0,0.040801939,0.000237907,0.013463176,0.596390054,0,0.204305349,8.56E-05,0.000277426,0
0,0,0.012452093,0,0.037079565,0.358435797,0,0.182925855,0,0,0
0,0,0.011183528,0,0.00082841,0.729331701,0,0.47832363,0,0,0
0,0,0.036981646,0.000130932,0.010659423,0.562330043,0,0.235962519,0.000141398,0.000152681,0
0,0,0.050913172,0.000376559,0.004185179,0.676011022,0.000476529,0.250169069,0,0,0
0,0,0.012165523,0,0.016905571,0.514412371,0,0.364677314,0,0,0
0,0,0.036016527,0,0.008937434,0.464746582,0,0.285997897,0,0,0
0,0,0.041262071,0,0.013164565,0.620441068,0.001110321,0.345691723,0,0,0
0,0,0.01787361,0,0.013305909,0.430224395,0,0.341518334,0,0,0
0,0,0.011807175,0,0.000771957,0.739535029,0,0.513772628,0,0,0
0,0,0,0,0.016133824,0.459813974,0,0.338810296,0,0,0
0,0,0.012587803,0,0.035698742,0.3944711,0,0.182063584,0,0,0
0,0,0.011907587,0,0.000525306,0.714678615,0,0.515981676,0,0.000551153,0
0,0,0.007437053,0,0.046752434,0.359255542,0,0.135335992,0,0,0
0,0,0.038384808,0,0.03048038,0.584207282,0.034705315,0.292103641,0,0,0
0,0,0.022638188,0.000451793,0.006904343,0.619256766,0.002286943,0.311323085,0.000487906,0,0
0,0,0.042510716,0,0.004219582,0.37976238,0,0.413519036,0,0,0
0,0,0.028995841,0,0.010098616,0.49584205,0,0.346382532,0,0,0
0,0,0.035257203,0,0.009641765,0.659925276,0,0.329248433,0,0,0
0,0,0.057210318,0,0.023449167,0.524074747,0.001930084,0.256810752,0,0,0
0,0,0.024566302,0,0.007581682,0.633992549,0.003733013,0.306340938,0,0,0
0,0,0.010880582,0,0.000771428,0.703349008,0,0.502777862,0,0,0
0,0,0.099661535,0,0.010958371,0.542886294,0,0.266311584,0,0,0
0,0,0.017674472,0,0.013157662,0.46928995,0,0.258767356,0,0,0
0,0,0.032778624,0,0.005775589,0.440436793,0.001424833,0.349134357,0,0,0
0,0,0.023656968,0,0.003634077,0.691592877,0,0.341044184,0,0,0
0,0,0.033428697,0,0.010196268,0.580668825,0,0.208245814,0,0,0
0,0,0.02753866,0,0.00572121,0.513637501,0.00482536,0.312547572,0,0,0
0,0,0.03231167,0,0.025946149,0.567932378,0.002461882,0.207569194,0,0,0
0,0,0.016773596,0,0.008324673,0.588276915,0,0.363510735,0,0,0
0,0,0.033482911,0,0.011078296,0.587149693,0,0.369276536,0,0,0
0,0,0.030593584,0,0.045550446,0.470687939,0,0.288486156,0,0,0
0,0,0.018488962,0,0.007058464,0.533619871,0,0.282338556,0,0,0
0,0,0.03362655,0,0.025033098,0.500661951,0,0.258675342,0,0,0
0,0,0.030837493,0,0.0057392,0.520354124,0,0.315655994,0,0,0
0,0,0.016258886,0,0.026897415,0.597122603,0,0.371184321,0,0,0
0,0,0.07631719,0,0.013601334,0.617538352,0.003441475,0.253513756,0,0.00079281,0
0,0,0.049453912,0,0.008907786,0.511534333,0.002589577,0.260221059,0.001473257,0,0
0,0,0.051199288,0,0.006222861,0.610358963,0,0.399818828,0,0,0
0,0,0.014546948,0,0.028878385,0.445552221,0,0.307348523,0,0,0
0,0,0.023507131,0,0.013333145,0.619991226,0,0.266662893,0,0,0
0,0,0.049516697,0,0.073724857,0.491499049,0,0.172024667,0,0,0
0,0,0.056762954,0,0.015542755,0.578967607,0,0.415768684,0,0,0
0,0,0.047867133,0,0.076020096,0.598658255,0,0.237562799,0,0,0
0,0,0.075549482,0,0.002884225,0.493202496,0,0.282654062,0,0,0
0,0,0.019304478,0,0.009580741,0.560473317,0,0.340116287,0,0,0
0,0,0.032133837,0,0.006075392,0.586275324,0,0.359966973,0,0,0
0,0,0.033524657,0,0.005495961,0.446246259,0.001271109,0.345944973,0,0,0
0,0,0.108769899,0,0.021421467,0.473842843,0,0.401581096,0,0,0
0,0,0.046873348,0,0.004135657,0.446650913,0,0.256410709,0,0,0
0,0,0.12876371,0,0.005939883,0.638025386,0,0.352910992,0,0,0
0,0,0.022427491,0,0.029681814,0.393284036,0,0.259715873,0,0,0
0,0,0.018733647,0,0.000845222,0.679558277,0,0.512204373,0,0,0
0,0,0.032406733,0,0.005725763,0.43734584,0.001378089,0.349643918,0,0,0
1,0.001153669,0.10815482,0.001615136,0.063420391,0.735292841,0.0031777,0.174127261,0.004691568,0.000461468,0.008430834
1,0.001153669,0.10815482,0.001615136,0.063420391,0.735292841,0.0031777,0.174127261,0.004691568,0.000461468,0.008430834
1,0.001153669,0.10815482,0.001615136,0.063420391,0.735292841,0.0031777,0.174127261,0.004691568,0.000461468,0.008430834
1,0.001153669,0.10815482,0.001615136,0.063420391,0.735292841,0.0031777,0.174127261,0.004691568,0.000461468,0.008430834
1,0.001153669,0.10815482,0.001615136,0.063420391,0.735292841,0.0031777,0.174127261,0.004691568,0.000461468,0.008430834
1,0.001153669,0.10815482,0.001615136,0.063420391,0.735292841,0.0031777,0.174127261,0.004691568,0.000461468,0.008430834
1,0.001153669,0.10815482,0.001615136,0.063420391,0.735292841,0.0031777,0.174127261,0.004691568,0.000461468,0.008430834
1,0.001153669,0.10815482,0.001615136,0.063420391,0.735292841,0.0031777,0.174127261,0.004691568,0.000461468,0.008430834
1,0.001153669,0.10815482,0.001615136,0.063420391,0.735292841,0.0031777,0.174127261,0.004691568,0.000461468,0.008430834
1,0.001153669,0.10815482,0.001615136,0.063420391,0.735292841,0.0031777,0.174127261,0.004691568,0.000461468,0.008430834
1,0.001582838,0.079817269,0.001899405,0.04602862,0.669258202,0.003170775,0.217783202,0.000321842,0.000633135,0.015422847
1,0.001582838,0.079817269,0.001899405,0.04602862,0.669258202,0.003170775,0.217783202,0.000321842,0.000633135,0.015422847
1,0.001582838,0.079817269,0.001899405,0.04602862,0.669258202,0.003170775,0.217783202,0.000321842,0.000633135,0.015422847
1,0.001582838,0.079817269,0.001899405,0.04602862,0.669258202,0.003170775,0.217783202,0.000321842,0.000633135,0.015422847
1,0.000679278,0.095227764,0.000950989,0.044783113,0.733453889,0.001871024,0.195752499,0.005524774,0.000271711,0.007682473
1,0.000982073,0.097173424,0.001374903,0.076482025,0.740968631,0.002705052,0.168649498,0.00399375,0.000392829,0.007518595
1,0.000982073,0.097173424,0.001374903,0.076482025,0.740968631,0.002705052,0.168649498,0.00399375,0.000392829,0.007518595
1,0.000982073,0.097173424,0.001374903,0.076482025,0.740968631,0.002705052,0.168649498,0.00399375,0.000392829,0.007518595
1,0.000982073,0.097173424,0.001374903,0.076482025,0.740968631,0.002705052,0.168649498,0.00399375,0.000392829,0.007518595
1,0.001318217,0.122438854,0.001845504,0.070890731,0.734861556,0,0.175434776,0.005092693,0.000527287,0.009633329
1,0.001318217,0.122438854,0.001845504,0.070890731,0.734861556,0,0.175434776,0.005092693,0.000527287,0.009633329
1,0.001221386,0.087835184,0.000244277,0.06762954,0.728502898,0,0.163394607,0.004718603,0.000488554,0.009563251
1,0.001590866,0.120195332,0.001909039,0.063372717,0.72861528,0,0.178087579,0.006469497,0.000636346,0.01190261
0,0,0.200866072,0,0,0.836941967,0.048375661,0.066955357,0,0,0.100843806
0,0,0.200866072,0,0,0.836941967,0.048375661,0.066955357,0,0,0.100843806
0,0,0.200866072,0,0,0.836941967,0.048375661,0.066955357,0,0,0.100843806
0,0,0.200866072,0,0,0.836941967,0.048375661,0.066955357,0,0,0.100843806
0,0,0.200866072,0,0,0.836941967,0.048375661,0.066955357,0,0,0.100843806
0,0,0.200866072,0,0,0.836941967,0.048375661,0.066955357,0,0,0.100843806
0,0,0.200866072,0,0,0.836941967,0.048375661,0.066955357,0,0,0.100843806
0,0,0.200866072,0,0,0.836941967,0.048375661,0.066955357,0,0,0.100843806
0,0,0.200866072,0,0,0.836941967,0.048375661,0.066955357,0,0,0.100843806
0,0,0.200866072,0,0,0.836941967,0.048375661,0.066955357,0,0,0.100843806
0,0,0.200866072,0,0,0.836941967,0.048375661,0.066955357,0,0,0.100843806
0,0,0.200866072,0,0,0.836941967,0.048375661,0.066955357,0,0,0.100843806
0,0,0.200866072,0,0,0.836941967,0.048375661,0.066955357,0,0,0.100843806
0,0,0.200866072,0,0,0.836941967,0.048375661,0.066955357,0,0,0.100843806
0,0,0.200866072,0,0,0.836941967,0.048375661,0.066955357,0,0,0.100843806
0,0,0.200866072,0,0,0.836941967,0.048375661,0.066955357,0,0,0.100843806
0,0,0.200866072,0,0,0.836941967,0.048375661,0.066955357,0,0,0.100843806
0,0,0.200866072,0,0,0.836941967,0.048375661,0.066955357,0,0,0.100843806
0,0,0.200866072,0,0,0.836941967,0.048375661,0.066955357,0,0,0.100843806
0,0,0.200866072,0,0,0.836941967,0.048375661,0.066955357,0,0,0.100843806
0,0,0.200866072,0,0,0.836941967,0.048375661,0.066955357,0,0,0.100843806
1,0.001008946,0.102454939,0.001412524,0.059483733,0.727849679,0.00277907,0.178334536,0.00410303,0.000403578,0.007548773
1,0.001008946,0.102454939,0.001412524,0.059483733,0.727849679,0.00277907,0.178334536,0.00410303,0.000403578,0.007548773
1,0.001008946,0.102454939,0.001412524,0.059483733,0.727849679,0.00277907,0.178334536,0.00410303,0.000403578,0.007548773
1,0.001008946,0.102454939,0.001412524,0.059483733,0.727849679,0.00277907,0.178334536,0.00410303,0.000403578,0.007548773
1,0.000827366,0.098783526,0.001158313,0.075474806,0.688903983,0.001657398,0.174197365,0.000168231,0.000330947,0.008349605
1,0.000827366,0.098783526,0.001158313,0.075474806,0.688903983,0.001657398,0.174197365,0.000168231,0.000330947,0.008349605
1,0.000827366,0.098783526,0.001158313,0.075474806,0.688903983,0.001657398,0.174197365,0.000168231,0.000330947,0.008349605
1,0.000827366,0.098783526,0.001158313,0.075474806,0.688903983,0.001657398,0.174197365,0.000168231,0.000330947,0.008349605
1,0.000827366,0.098783526,0.001158313,0.075474806,0.688903983,0.001657398,0.174197365,0.000168231,0.000330947,0.008349605
1,0.001421747,0.11998271,0.001990445,0.07362652,0.728272877,0,0.16137305,0.005781748,0.000568699,0.010389906
1,0.001224246,0.112861994,0.001713944,0.064130268,0.728299297,0,0.169080845,0.00497858,0.000489698,0.0089466
1,0.001224246,0.112861994,0.001713944,0.064130268,0.728299297,0,0.169080845,0.00497858,0.000489698,0.0089466
1,0.001224246,0.112861994,0.001713944,0.064130268,0.728299297,0,0.169080845,0.00497858,0.000489698,0.0089466
1,0.001224246,0.112861994,0.001713944,0.064130268,0.728299297,0,0.169080845,0.00497858,0.000489698,0.0089466
1,0.001224246,0.112861994,0.001713944,0.064130268,0.728299297,0,0.169080845,0.00497858,0.000489698,0.0089466
1,0.000886939,0.099748377,0.001241714,0.079142612,0.688402128,0.001776735,0.169526133,0.000180344,0.000354776,0.008950798
1,0.000886939,0.099748377,0.001241714,0.079142612,0.688402128,0.001776735,0.169526133,0.000180344,0.000354776,0.008950798
1,0.000886939,0.099748377,0.001241714,0.079142612,0.688402128,0.001776735,0.169526133,0.000180344,0.000354776,0.008950798
1,0.000886939,0.099748377,0.001241714,0.079142612,0.688402128,0.001776735,0.169526133,0.000180344,0.000354776,0.008950798
1,0.001153222,0.108112924,0.001614511,0.063395824,0.735207849,0.003176469,0.174259648,0.004689751,0.000461289,0.008427568
1,0.001153222,0.108112924,0.001614511,0.063395824,0.735207849,0.003176469,0.174259648,0.004689751,0.000461289,0.008427568
1,0.001177956,0.109615234,0.001649139,0.06475554,0.737300231,0.003244598,0.169628043,0.004790337,0.000471183,0.008608323
1,0.00137153,0.117883893,0.001920142,0.07375777,0.735110648,0,0.164704714,0.005298657,0.000548612,0.010022931
1,0.00137153,0.117883893,0.001920142,0.07375777,0.735110648,0,0.164704714,0.005298657,0.000548612,0.010022931
1,0.001149825,0.116561473,0.001609755,0.070766687,0.6806393,0.002303354,0.158005552,0.000233797,0.00045993,0.010803527
1,0.001149825,0.116561473,0.001609755,0.070766687,0.6806393,0.002303354,0.158005552,0.000233797,0.00045993,0.010803527
1,0.001149825,0.116561473,0.001609755,0.070766687,0.6806393,0.002303354,0.158005552,0.000233797,0.00045993,0.010803527
0,0,0.232276411,0,0,0.774254703,0.055940383,0.07742547,0,0,0.116613209
0,0,0.232276411,0,0,0.774254703,0.055940383,0.07742547,0,0,0.116613209
0,0,0.232276411,0,0,0.774254703,0.055940383,0.07742547,0,0,0.116613209
0,0,0.232276411,0,0,0.774254703,0.055940383,0.07742547,0,0,0.116613209
0,0,0.232276411,0,0,0.774254703,0.055940383,0.07742547,0,0,0.116613209
0,0,0.232276411,0,0,0.774254703,0.055940383,0.07742547,0,0,0.116613209
0,0,0.232276411,0,0,0.774254703,0.055940383,0.07742547,0,0,0.116613209
0,0,0.232276411,0,0,0.774254703,0.055940383,0.07742547,0,0,0.116613209
0,0,0.232276411,0,0,0.774254703,0.055940383,0.07742547,0,0,0.116613209
0,0,0.232276411,0,0,0.774254703,0.055940383,0.07742547,0,0,0.116613209
0,0,0.232276411,0,0,0.774254703,0.055940383,0.07742547,0,0,0.116613209
0,0,0.232276411,0,0,0.774254703,0.055940383,0.07742547,0,0,0.116613209
0,0,0.232276411,0,0,0.774254703,0.055940383,0.07742547,0,0,0.116613209
1,0.001192025,0.110511295,0.001668835,0.06315471,0.726069533,0,0.17475244,0.00484755,0.00047681,0.008711136
1,0.001192025,0.110511295,0.001668835,0.06315471,0.726069533,0,0.17475244,0.00484755,0.00047681,0.008711136
1,0.001192025,0.110511295,0.001668835,0.06315471,0.726069533,0,0.17475244,0.00484755,0.00047681,0.008711136
1,0.001192025,0.110511295,0.001668835,0.06315471,0.726069533,0,0.17475244,0.00484755,0.00047681,0.008711136
1,0.001192025,0.110511295,0.001668835,0.06315471,0.726069533,0,0.17475244,0.00484755,0.00047681,0.008711136
1,0.001192025,0.110511295,0.001668835,0.06315471,0.726069533,0,0.17475244,0.00484755,0.00047681,0.008711136
1,0.001192025,0.110511295,0.001668835,0.06315471,0.726069533,0,0.17475244,0.00484755,0.00047681,0.008711136
1,0.001192025,0.110511295,0.001668835,0.06315471,0.726069533,0,0.17475244,0.00484755,0.00047681,0.008711136
1,0.001192025,0.110511295,0.001668835,0.06315471,0.726069533,0,0.17475244,0.00484755,0.00047681,0.008711136
1,0.001192025,0.110511295,0.001668835,0.06315471,0.726069533,0,0.17475244,0.00484755,0.00047681,0.008711136
1,0.001192025,0.110511295,0.001668835,0.06315471,0.726069533,0,0.17475244,0.00484755,0.00047681,0.008711136
1,0.001192025,0.110511295,0.001668835,0.06315471,0.726069533,0,0.17475244,0.00484755,0.00047681,0.008711136
1,0.001192025,0.110511295,0.001668835,0.06315471,0.726069533,0,0.17475244,0.00484755,0.00047681,0.008711136
1,0.001191545,0.11046679,0.001668163,0.063129276,0.725983613,0,0.174888544,0.004845598,0.000476618,0.008707628
1,0.001191545,0.11046679,0.001668163,0.063129276,0.725983613,0,0.174888544,0.004845598,0.000476618,0.008707628
1,0.001022072,0.111403642,0.0014309,0.064125464,0.6792257,0.002047436,0.172153163,0.00020782,0.000408829,0.009603182
1,0.001022072,0.111403642,0.0014309,0.064125464,0.6792257,0.002047436,0.172153163,0.00020782,0.000408829,0.009603182
1,0.001022072,0.111403642,0.0014309,0.064125464,0.6792257,0.002047436,0.172153163,0.00020782,0.000408829,0.009603182
1,0.001022072,0.111403642,0.0014309,0.064125464,0.6792257,0.002047436,0.172153163,0.00020782,0.000408829,0.009603182
1,0.001022072,0.111403642,0.0014309,0.064125464,0.6792257,0.002047436,0.172153163,0.00020782,0.000408829,0.009603182
1,0.001022072,0.111403642,0.0014309,0.064125464,0.6792257,0.002047436,0.172153163,0.00020782,0.000408829,0.009603182
1,0.001022072,0.111403642,0.0014309,0.064125464,0.6792257,0.002047436,0.172153163,0.00020782,0.000408829,0.009603182
1,0.001022072,0.111403642,0.0014309,0.064125464,0.6792257,0.002047436,0.172153163,0.00020782,0.000408829,0.009603182
1,0.001022072,0.111403642,0.0014309,0.064125464,0.6792257,0.002047436,0.172153163,0.00020782,0.000408829,0.009603182
1,0.001022072,0.111403642,0.0014309,0.064125464,0.6792257,0.002047436,0.172153163,0.00020782,0.000408829,0.009603182
1,0.001021718,0.111365158,0.001430406,0.064103312,0.679168118,0.002046729,0.172270745,0.000207749,0.000408687,0.009599864
1,0.001021718,0.111365158,0.001430406,0.064103312,0.679168118,0.002046729,0.172270745,0.000207749,0.000408687,0.009599864
1,0.001009853,0.098872214,0.001413795,0.076634091,0.733404334,0,0.169045237,0.004106721,0.000403941,0.007731275
1,0.001009853,0.098872214,0.001413795,0.076634091,0.733404334,0,0.169045237,0.004106721,0.000403941,0.007731275
1,0.001009853,0.098872214,0.001413795,0.076634091,0.733404334,0,0.169045237,0.004106721,0.000403941,0.007731275
1,0.001009853,0.098872214,0.001413795,0.076634091,0.733404334,0,0.169045237,0.004106721,0.000403941,0.007731275
1,0.001009853,0.098872214,0.001413795,0.076634091,0.733404334,0,0.169045237,0.004106721,0.000403941,0.007731275
1,0.001042709,0.112930374,0.001459793,0.065420299,0.680834636,0.002088778,0.166775576,0.000212017,0.000417084,0.009797091
1,0.001042709,0.112930374,0.001459793,0.065420299,0.680834636,0.002088778,0.166775576,0.000212017,0.000417084,0.009797091
1,0.001040984,0.112743483,0.001457377,0.065312034,0.680068692,0.002085321,0.168123083,0.000211666,0.000416394,0.009780878
1,0.001040984,0.112743483,0.001457377,0.065312034,0.680068692,0.002085321,0.168123083,0.000211666,0.000416394,0.009780878
1,0.000960905,0.115226942,0.001345267,0.061627569,0.692527245,0,0.153025376,0.000195383,0.000384362,0.014713068
1,0.000867097,0.097516852,0.001213935,0.081171591,0.68968005,0.001736987,0.169189485,0.000176309,0.000346839,0.008750555
1,0.001421417,0.119954892,0.001989984,0.07360945,0.728350341,0,0.161335635,0.005780407,0.000568567,0.010387497
1,0.000798644,0.106010643,0.001118102,0.073490956,0.695573749,0.001599861,0.178806463,0.00016239,0.000319458,0.008059746
0,0.001037713,0.099981423,0.000207543,0.023562458,0.731159112,0,0.190432243,0.004009014,0.000415085,0.006680653
1,0.00093265,0.097778059,0.00130571,0.071518433,0.73163847,0,0.174222724,0.003792761,0.00037306,0.007140216
1,0.00093265,0.097778059,0.00130571,0.071518433,0.73163847,0,0.174222724,0.003792761,0.00037306,0.007140216
1,0.00093265,0.097778059,0.00130571,0.071518433,0.73163847,0,0.174222724,0.003792761,0.00037306,0.007140216
1,0.00093265,0.097778059,0.00130571,0.071518433,0.73163847,0,0.174222724,0.003792761,0.00037306,0.007140216
1,0.00093265,0.097778059,0.00130571,0.071518433,0.73163847,0,0.174222724,0.003792761,0.00037306,0.007140216
1,0.001160726,0.1174654,0.001625016,0.072593542,0.683069348,0,0.162118343,0.000236013,0.00046429,0.01090595
1,0.000992817,0.097204203,0.001389944,0.093731628,0.703311118,0,0.152085868,0.000201872,0.000397127,0.009155564
1,0.001045486,0.113412244,0.00146368,0.064969784,0.680111123,0.00209434,0.16721965,0.000212581,0.000418194,0.009823178
1,0.001045486,0.113412244,0.00146368,0.064969784,0.680111123,0.00209434,0.16721965,0.000212581,0.000418194,0.009823178
1,0.001045486,0.113412244,0.00146368,0.064969784,0.680111123,0.00209434,0.16721965,0.000212581,0.000418194,0.009823178
1,0.001045486,0.113412244,0.00146368,0.064969784,0.680111123,0.00209434,0.16721965,0.000212581,0.000418194,0.009823178
1,0.001045486,0.113412244,0.00146368,0.064969784,0.680111123,0.00209434,0.16721965,0.000212581,0.000418194,0.009823178
1,0.001045486,0.113412244,0.00146368,0.064969784,0.680111123,0.00209434,0.16721965,0.000212581,0.000418194,0.009823178
1,0.0011801,0.109814681,0.001652139,0.064873364,0.73823277,0.003250502,0.168096215,0.004799053,0.00047204,0.008623986
1,0.0011801,0.109814681,0.001652139,0.064873364,0.73823277,0.003250502,0.168096215,0.004799053,0.00047204,0.008623986
1,0.001038082,0.104334297,0.001453315,0.059133877,0.719546872,0,0.178987284,0.004221517,0.000415233,0.007766765
1,0.001038082,0.104334297,0.001453315,0.059133877,0.719546872,0,0.178987284,0.004221517,0.000415233,0.007766765
1,0.001038082,0.104334297,0.001453315,0.059133877,0.719546872,0,0.178987284,0.004221517,0.000415233,0.007766765
1,0.001038082,0.104334297,0.001453315,0.059133877,0.719546872,0,0.178987284,0.004221517,0.000415233,0.007766765
1,0.001039845,0.113340883,0.001455783,0.064619228,0.680045298,0.00208304,0.167398538,0.000211434,0.000415938,0.009770175
1,0.001051383,0.105306721,0.001261659,0.036437513,0.657347143,0.002106153,0.176725812,0.00021378,0.000420553,0.009512709
0,0.000918277,0.095634736,0.000183655,0.062734513,0.68360537,0.001839513,0.157853009,0,0.000367311,0.013900585
1,0.001533971,0.117225782,0.001840765,0.061106269,0.725417595,0,0.172515947,0.006238124,0.000613588,0.011476928
1,0.00122323,0.112768321,0.001712522,0.064077042,0.728330733,0,0.169152481,0.004974448,0.000489292,0.008939174
1,0.001186259,0.087981371,0.000237252,0.030715779,0.726463002,0.003267467,0.172879283,0.004582896,0.000474504,0.007636974
1,0.002003954,0.064243171,0.000400791,0.04310724,0.744179001,0,0.227802811,0.008556851,0.000801582,0.012901185
1,0.002003954,0.064243171,0.000400791,0.04310724,0.744179001,0,0.227802811,0.008556851,0.000801582,0.012901185
1,0.002003954,0.064243171,0.000400791,0.04310724,0.744179001,0,0.227802811,0.008556851,0.000801582,0.012901185
1,0.000902132,0.113650597,0.001262984,0.056420663,0.690970619,0.001807169,0.152888974,0.000183433,0.000360853,0.013970114
1,0.000902132,0.113650597,0.001262984,0.056420663,0.690970619,0.001807169,0.152888974,0.000183433,0.000360853,0.013970114
1,0.000902132,0.113650597,0.001262984,0.056420663,0.690970619,0.001807169,0.152888974,0.000183433,0.000360853,0.013970114
1,0.001583127,0.103424763,0.001899752,0.064956352,0.748389265,0,0.153353959,0.003540913,0.000633251,0.009916498
1,0.001191846,0.110494722,0.001668585,0.063145239,0.726167179,0,0.174726233,0.004846823,0.000476739,0.00870983
1,0.001191846,0.110494722,0.001668585,0.063145239,0.726167179,0,0.174726233,0.004846823,0.000476739,0.00870983
1,0.001220359,0.112292209,0.001708503,0.064655871,0.728947731,0,0.16854405,0.004962775,0.000488144,0.008918196
1,0.001220359,0.112292209,0.001708503,0.064655871,0.728947731,0,0.16854405,0.004962775,0.000488144,0.008918196
0,0.000895527,0.097920975,0.000179106,0.067601573,0.688084948,0.00179394,0.155028612,0,0.000358211,0.012621298
1,0.001218042,0.112078963,0.001705258,0.064533087,0.727985579,0,0.170123623,0.00495335,0.000487217,0.00890126
1,0.001218042,0.112078963,0.001705258,0.064533087,0.727985579,0,0.170123623,0.00495335,0.000487217,0.00890126
0,0.000997637,0.093008432,0.000199527,0.065573023,0.682522842,0.001998488,0.152997142,0,0.000399055,0.013886816
0,0.001011796,0.09853646,0.000202359,0.024787742,0.738497456,0.002786923,0.18918299,0.003908892,0.000404719,0.006513809
1,0.000984032,0.096344092,0.001377645,0.078986507,0.733579261,0,0.168644791,0.004001714,0.000393613,0.007533589
1,0.001223308,0.071862581,0.000244662,0.038253748,0.66944552,0.002450556,0.237210113,0,0.000489323,0.012132509
1,0.001007763,0.093253897,0.001410868,0.091128204,0.7498731,0,0.154375366,0.004098219,0.000403105,0.007364574
1,0.001074642,0.114712852,0.001504499,0.066567612,0.683062893,0.002152747,0.161268393,0.00021851,0.000429857,0.010097126
1,0.001074642,0.114712852,0.001504499,0.066567612,0.683062893,0.002152747,0.161268393,0.00021851,0.000429857,0.010097126
1,0.001183743,0.110358876,0.00165724,0.064366347,0.737640369,0.003260538,0.168615235,0.004813871,0.000473497,0.008650614
1,0.000885889,0.09640647,0.001240244,0.089106449,0.708464746,0.001774631,0.154895109,0.00018013,0.000354355,0.008323633
1,0.000909088,0.105074924,0.001272723,0.061201374,0.67282609,0.001821104,0.179430793,0.000184847,0.000363635,0.009016142
1,0.000909088,0.105074924,0.001272723,0.061201374,0.67282609,0.001821104,0.179430793,0.000184847,0.000363635,0.009016142
1,0.000909088,0.105074924,0.001272723,0.061201374,0.67282609,0.001821104,0.179430793,0.000184847,0.000363635,0.009016142
1,0.000909088,0.105074924,0.001272723,0.061201374,0.67282609,0.001821104,0.179430793,0.000184847,0.000363635,0.009016142
1,0.001444039,0.108851832,0.001732847,0.076794297,0.733185904,0,0.162652163,0.005578784,0.000577616,0.01030156
1,0.001444039,0.108851832,0.001732847,0.076794297,0.733185904,0,0.162652163,0.005578784,0.000577616,0.01030156
1,0.001021485,0.111339731,0.001430079,0.064088676,0.680252127,0.002046261,0.172054402,0.000207701,0.000408594,0.009597672
1,0.001021485,0.111339731,0.001430079,0.064088676,0.680252127,0.002046261,0.172054402,0.000207701,0.000408594,0.009597672
1,0.001021485,0.111339731,0.001430079,0.064088676,0.680252127,0.002046261,0.172054402,0.000207701,0.000408594,0.009597672
1,0.001050838,0.105798491,0.001471174,0.059860535,0.721105032,0,0.179001577,0.004273392,0.000420335,0.008045048
1,0.001050838,0.105798491,0.001471174,0.059860535,0.721105032,0,0.179001577,0.004273392,0.000420335,0.008045048
1,0.001050838,0.105798491,0.001471174,0.059860535,0.721105032,0,0.179001577,0.004273392,0.000420335,0.008045048
0,0,0.098762035,0,0.008903301,0.710699347,0,0.33985759,0,0,0
1,0.001181418,0.110551506,0.001653985,0.064239888,0.73701004,0.003254132,0.168898134,0.004804413,0.000472567,0.008633618
1,0.001185393,0.086479261,0.000237079,0.067761497,0.737025151,0.003265082,0.162687826,0.004579551,0.000474157,0.009281433
1,0.001905119,0.063055498,0.000381024,0.04439629,0.755675579,0.005247517,0.223170245,0.008134827,0.000762048,0.012264898
1,0.001905119,0.063055498,0.000381024,0.04439629,0.755675579,0.005247517,0.223170245,0.008134827,0.000762048,0.012264898
1,0.001905119,0.063055498,0.000381024,0.04439629,0.755675579,0.005247517,0.223170245,0.008134827,0.000762048,0.012264898
1,0.000908983,0.096242004,0.001272577,0.071514115,0.738747955,0.002503731,0.173739658,0.003696519,0.000363593,0.006959031
1,0.000908983,0.096242004,0.001272577,0.071514115,0.738747955,0.002503731,0.173739658,0.003696519,0.000363593,0.006959031
1,0.000908983,0.096242004,0.001272577,0.071514115,0.738747955,0.002503731,0.173739658,0.003696519,0.000363593,0.006959031
1,0.000908983,0.096242004,0.001272577,0.071514115,0.738747955,0.002503731,0.173739658,0.003696519,0.000363593,0.006959031
1,0.001206056,0.08485181,0.000241211,0.071825307,0.717478484,0.003321998,0.165523728,0.008583068,0.000482423,0.010072771
1,0.001149618,0.116540483,0.001609465,0.070753943,0.680715949,0.002302939,0.157977099,0.000233755,0.000459847,0.010801581
1,0.000692484,0.096359161,0.000969478,0.044274505,0.728153658,0,0.196558288,0.005632185,0.000276994,0.007831834
1,0.001056088,0.117307498,0.001267306,0.054480205,0.68481226,0.002115579,0.157386035,0.000214737,0.000422435,0.015067952
1,0.000981783,0.091019983,0.001374496,0.089561152,0.752318442,0.002704252,0.154989168,0.003992569,0.000392713,0.007174719
1,0.000919922,0.106327185,0.001287891,0.063030122,0.676062357,0.001842808,0.179337456,0.00018705,0.000367969,0.009283658
1,0.000919922,0.106327185,0.001287891,0.063030122,0.676062357,0.001842808,0.179337456,0.00018705,0.000367969,0.009283658
1,0.002014134,0.107848564,0.002416961,0.080634921,0.740978969,0,0.146939306,0.00450493,0.000805654,0.009812656
1,0.001009541,0.092543773,0.001413358,0.090082569,0.74507359,0,0.154997699,0.004105452,0.000403817,0.007377572
1,0.001038601,0.111765555,0.001454042,0.069713599,0.688591003,0.002080549,0.163778832,0.000211182,0.000415441,0.009758493
1,0.000694465,0.096394007,0.00097225,0.045784316,0.731078142,0,0.197120329,0.00564829,0.000277786,0.007854228
1,0.0013163,0.114961634,0.00184282,0.068428043,0.729915136,0,0.166968087,0.005352933,0.00052652,0.009619319
1,0.001122349,0.124861999,0.001571288,0.070193376,0.684601617,0,0.171344893,0.00022821,0.000448939,0.010545366
1,0.001419205,0.114849633,0.001986888,0.072646898,0.735086836,0,0.166249147,0.005771413,0.000567682,0.010618271
1,0.000957649,0.094756728,0.001340709,0.078776235,0.740961107,0.002637778,0.168272018,0.003894425,0.00038306,0.007331608
1,0.001087392,0.11946565,0.001304871,0.056095081,0.686833274,0.002178288,0.160920608,0.000221102,0.000434957,0.015136185
1,0.00125245,0.113508777,0.00175343,0.071844159,0.731404548,0,0.167116173,0.005093276,0.00050098,0.00915271
1,0.001141138,0.094324371,0.001597593,0.096370168,0.748267125,0,0.152856894,0.004408578,0.000456455,0.008140705
1,0.001043635,0.113754068,0.00146109,0.064854798,0.679630825,0.002090633,0.167466244,0.000212205,0.000417454,0.009805792
1,0.001126819,0.111105072,0.001577547,0.074737243,0.682837324,0,0.162459438,0.000229119,0.000450728,0.010391306
1,0.001110169,0.115042391,0.001554237,0.068547186,0.677557361,0.002223916,0.164676065,0.000225734,0.000444068,0.010430932
1,0.001529925,0.11718169,0.001835909,0.063687616,0.73941116,0.00421407,0.176567885,0.006221669,0.00061197,0.011446655
1,0.001221735,0.113053982,0.001710429,0.063998762,0.727652687,0,0.169369261,0.004968371,0.000488694,0.008928254
1,0.000895696,0.105855271,0.001253974,0.06868471,0.736485721,0,0.179426237,0.003642483,0.000358278,0.006857304
1,0.001177355,0.090993409,0.000235471,0.073399083,0.731823672,0,0.158728413,0.004548499,0.000470942,0.007579655
1,0.001044758,0.113333241,0.001462661,0.064924526,0.680180487,0.002092881,0.167284208,0.000212433,0.000417903,0.009816335
1,0.001350959,0.097387477,0.001891343,0.040900121,0.637466584,0.002706271,0.174407861,0.000274694,0.000540384,0.012223224
1,0.001427371,0.102153768,0.001712845,0.024734026,0.727196316,0,0.155827782,0.005224158,0.000570948,0.008195792
1,0.001323914,0.110120545,0.001853479,0.076207231,0.732989879,0,0.1649514,0.0051147,0.000529565,0.009444601
1,0.001143875,0.089595148,0.000228775,0.073362336,0.739952847,0.003150724,0.158179044,0.004419154,0.00045755,0.007364113
1,0.001655891,0.093544175,0.002318247,0.035290202,0.698711857,0,0.174462755,0.005387144,0.000662356,0.0106604
1,0.00123919,0.117245992,0.001487028,0.063679008,0.674057088,0.002482372,0.167279539,0.000251968,0.000495676,0.011643184
1,0.000886992,0.095758033,0.001241789,0.087804097,0.704121269,0.001776842,0.155549165,0.000180354,0.000354797,0.008334001
1,0.001477382,0.114437333,0.001772858,0.061500368,0.736034302,0.004069345,0.171271982,0.006007996,0.000590953,0.011053538
1,0.001021362,0.111326326,0.001429907,0.064080959,0.68034721,0.002046015,0.172033686,0.000207676,0.000408545,0.009596517
1,0.001021362,0.111326326,0.001429907,0.064080959,0.68034721,0.002046015,0.172033686,0.000207676,0.000408545,0.009596517
1,0.000873823,0.104178751,0.001223351,0.068747835,0.743182137,0.002406883,0.178830094,0.003553531,0.000349529,0.006689844
1,0.001604111,0.10451767,0.001924933,0.074763385,0.723840461,0,0.164559736,0.003587848,0.000641644,0.01004794
1,0.001222017,0.089362868,0.000244403,0.029451081,0.717444064,0,0.173855247,0.00472104,0.000488807,0.007867179
1,0.001364628,0.111851775,0.001910479,0.072571186,0.745363203,0.003758772,0.165767641,0.005549466,0.000545851,0.010209932
1,0.001023264,0.079438872,0.001227916,0.08784227,0.74757653,0,0.150543756,0.003745131,0.000409306,0.006765677
1,0.001192167,0.087593226,0.001430601,0.085957634,0.754045457,0,0.16031213,0.002666471,0.000476867,0.007467579
1,0.001210061,0.110925238,0.001694085,0.071822775,0.740829615,0.003333028,0.16670239,0.004920895,0.000484024,0.008842939
1,0.001183034,0.085487102,0.00141964,0.086477241,0.746013344,0,0.165644073,0.002646042,0.000473213,0.007410366
1,0.001080668,0.114794268,0.001512935,0.066940868,0.683147617,0.002164818,0.161049054,0.000219735,0.000432267,0.010153742
1,0.001110025,0.115027397,0.001554035,0.068538252,0.677661402,0.002223626,0.164654601,0.000225704,0.00044401,0.010429572
1,0.00115376,0.112761801,0.001615264,0.072617485,0.683368501,0.002311237,0.16114541,0.000234597,0.000461504,0.0108405
1,0.000681157,0.09525516,0.00095362,0.046263723,0.736309404,0.001876201,0.196294091,0.005540059,0.000272463,0.007703729
1,0.001316519,0.114980776,0.001843127,0.068439437,0.729808536,0,0.166995889,0.005353825,0.000526608,0.009620921
